"","name","value.var","comp","ensembl_gene_id","hgnc_symbol"
"1","ENSG00000121957",0.166272813806249,1,"ENSG00000121957","GPSM2"
"2","ENSG00000038427",0.158587278083173,1,"ENSG00000038427","VCAN"
"3","ENSG00000240065",-0.142949389326192,1,"ENSG00000240065","PSMB9"
"4","ENSG00000183734",-0.135606310496639,1,"ENSG00000183734","ASCL2"
"5","ENSG00000090554",-0.119563046439864,1,"ENSG00000090554","FLT3LG"
"6","ENSG00000168899",-0.118361891118601,1,"ENSG00000168899","VAMP5"
"7","ENSG00000133321",-0.117288690911174,1,"ENSG00000133321","PLAAT4"
"8","ENSG00000198108",0.113648286441313,1,"ENSG00000198108","CHSY3"
"9","ENSG00000115594",0.111781937131865,1,"ENSG00000115594","IL1R1"
"10","ENSG00000130303",-0.111184202912241,1,"ENSG00000130303","BST2"
"11","ENSG00000169902",0.108365854829698,1,"ENSG00000169902","TPST1"
"12","ENSG00000213190",0.108229548933288,1,"ENSG00000213190","MLLT11"
"13","ENSG00000157873",-0.106192049415243,1,"ENSG00000157873","TNFRSF14"
"14","ENSG00000262655",0.10580109492722,1,"ENSG00000262655","SPON1"
"15","ENSG00000204262",0.104473833252828,1,"ENSG00000204262","COL5A2"
"16","ENSG00000130748",-0.104260042847805,1,"ENSG00000130748","TMEM160"
"17","ENSG00000197496",0.104157235247746,1,"ENSG00000197496","SLC2A10"
"18","ENSG00000160145",0.10287648391763,1,"ENSG00000160145","KALRN"
"19","ENSG00000174705",0.102802522417594,1,"ENSG00000174705","SH3PXD2B"
"20","ENSG00000102468",0.102549996724212,1,"ENSG00000102468","HTR2A"
"21","ENSG00000138755",-0.101289380929714,1,"ENSG00000138755","CXCL9"
"22","ENSG00000092010",-0.0978734758680572,1,"ENSG00000092010","PSME1"
"23","ENSG00000013725",-0.0973045192985211,1,"ENSG00000013725","CD6"
"24","ENSG00000243244",0.0972455873517504,1,"ENSG00000243244","STON1"
"25","ENSG00000170500",0.095320554787175,1,"ENSG00000170500","LONRF2"
"26","ENSG00000166250",0.0947055175836909,1,"ENSG00000166250","CLMP"
"27","ENSG00000152217",0.0946954938369671,1,"ENSG00000152217","SETBP1"
"28","ENSG00000084636",0.0934340873836802,1,"ENSG00000084636","COL16A1"
"29","ENSG00000134874",0.0928847011541033,1,"ENSG00000134874","DZIP1"
"30","ENSG00000102359",0.0919397580453826,1,"ENSG00000102359","SRPX2"
"31","ENSG00000083857",0.0915942791393496,1,"ENSG00000083857","FAT1"
"32","ENSG00000163520",0.0910613683066823,1,"ENSG00000163520","FBLN2"
"33","ENSG00000103742",0.0880828646350725,1,"ENSG00000103742","IGDCC4"
"34","ENSG00000157214",0.0865441480760206,1,"ENSG00000157214","STEAP2"
"35","ENSG00000166402",0.0853055730966958,1,"ENSG00000166402","TUB"
"36","ENSG00000113916",0.085158018173451,1,"ENSG00000113916","BCL6"
"37","ENSG00000113083",0.0851347509190265,1,"ENSG00000113083","LOX"
"38","ENSG00000165731",0.0851046884561789,1,"ENSG00000165731","RET"
"39","ENSG00000167578",-0.0835145487339697,1,"ENSG00000167578","RAB4B"
"40","ENSG00000067445",0.0826336359740948,1,"ENSG00000067445","TRO"
"41","ENSG00000196136",0.0823411224708884,1,"ENSG00000196136","SERPINA3"
"42","ENSG00000164949",0.0813723425517443,1,"ENSG00000164949","GEM"
"43","ENSG00000189337",0.0810954929180248,1,"ENSG00000189337","KAZN"
"44","ENSG00000154856",0.0809283415036147,1,"ENSG00000154856","APCDD1"
"45","ENSG00000163156",-0.0793541852683734,1,"ENSG00000163156","SCNM1"
"46","ENSG00000142156",0.0788375184061845,1,"ENSG00000142156","COL6A1"
"47","ENSG00000165949",-0.0787842176076628,1,"ENSG00000165949","IFI27"
"48","ENSG00000231925",-0.0781157174980683,1,"ENSG00000231925","TAPBP"
"49","ENSG00000108582",0.0780579311965034,1,"ENSG00000108582","CPD"
"50","ENSG00000213886",-0.0778208521835408,1,"ENSG00000213886","UBD"
"51","ENSG00000143995",0.0773710336409838,1,"ENSG00000143995","MEIS1"
"52","ENSG00000113805",0.0773111605791842,1,"ENSG00000113805","CNTN3"
"53","ENSG00000154734",0.0764816898749797,1,"ENSG00000154734","ADAMTS1"
"54","ENSG00000065154",0.0758436962768689,1,"ENSG00000065154","OAT"
"55","ENSG00000067798",0.0758099029917748,1,"ENSG00000067798","NAV3"
"56","ENSG00000017427",0.0739328461676656,1,"ENSG00000017427","IGF1"
"57","ENSG00000120820",0.0734074766300945,1,"ENSG00000120820","GLT8D2"
"58","ENSG00000128342",0.0733184137314282,1,"ENSG00000128342","LIF"
"59","ENSG00000186810",-0.0732615291977054,1,"ENSG00000186810","CXCR3"
"60","ENSG00000112183",0.0724718317323365,1,"ENSG00000112183","RBM24"
"61","ENSG00000204264",-0.0720295789102392,1,"ENSG00000204264","PSMB8"
"62","ENSG00000164879",0.0708111516746621,1,"ENSG00000164879","CA3"
"63","ENSG00000018625",0.0706658437729464,1,"ENSG00000018625","ATP1A2"
"64","ENSG00000143341",0.0704775837298843,1,"ENSG00000143341","HMCN1"
"65","ENSG00000147100",0.0701541571929189,1,"ENSG00000147100","SLC16A2"
"66","ENSG00000068079",-0.0694327206723862,1,"ENSG00000068079","IFI35"
"67","ENSG00000205213",0.0688486432648457,1,"ENSG00000205213","LGR4"
"68","ENSG00000128335",-0.0686273862958146,1,"ENSG00000128335","APOL2"
"69","ENSG00000135862",0.0686008875894404,1,"ENSG00000135862","LAMC1"
"70","ENSG00000077063",0.0682500191586303,1,"ENSG00000077063","CTTNBP2"
"71","ENSG00000115170",0.0675729302851115,1,"ENSG00000115170","ACVR1"
"72","ENSG00000006283",0.0672752385115871,1,"ENSG00000006283","CACNA1G"
"73","ENSG00000171443",-0.0670147718403845,1,"ENSG00000171443","ZNF524"
"74","ENSG00000179909",0.0668458623477192,1,"ENSG00000179909","ZNF154"
"75","ENSG00000007866",0.0655151115458227,1,"ENSG00000007866","TEAD3"
"76","ENSG00000156140",0.0653119057224492,1,"ENSG00000156140","ADAMTS3"
"77","ENSG00000156535",0.0647604648340932,1,"ENSG00000156535","CD109"
"78","ENSG00000258315",-0.0632530862011094,1,"ENSG00000258315","C17orf49"
"79","ENSG00000115657",0.0631207011327738,1,"ENSG00000115657","ABCB6"
"80","ENSG00000134121",0.0628670551033784,1,"ENSG00000134121","CHL1"
"81","ENSG00000166263",0.0627895930241314,1,"ENSG00000166263","STXBP4"
"82","ENSG00000179921",-0.0626336659439695,1,"ENSG00000179921","GPBAR1"
"83","ENSG00000145423",0.0620025754797014,1,"ENSG00000145423","SFRP2"
"84","ENSG00000132837",0.0616053799580646,1,"ENSG00000132837","DMGDH"
"85","ENSG00000151067",0.0610410953520167,1,"ENSG00000151067","CACNA1C"
"86","ENSG00000156587",-0.06091527241554,1,"ENSG00000156587","UBE2L6"
"87","ENSG00000135424",0.0608456317119855,1,"ENSG00000135424","ITGA7"
"88","ENSG00000116717",0.060472332501325,1,"ENSG00000116717","GADD45A"
"89","ENSG00000100092",-0.0603334839888603,1,"ENSG00000100092","SH3BP1"
"90","ENSG00000154269",0.0602919649947444,1,"ENSG00000154269","ENPP3"
"91","ENSG00000204257",-0.0585392667648612,1,"ENSG00000204257","HLA-DMA"
"92","ENSG00000040608",-0.0584944217223275,1,"ENSG00000040608","RTN4R"
"93","ENSG00000188820",-0.057553934574554,1,"ENSG00000188820","CALHM6"
"94","ENSG00000168961",-0.0573775309153741,1,"ENSG00000168961","LGALS9"
"95","ENSG00000064313",0.0572494236532135,1,"ENSG00000064313","TAF2"
"96","ENSG00000142546",-0.056033406047695,1,"ENSG00000142546","NOSIP"
"97","ENSG00000171502",0.0557015053844562,1,"ENSG00000171502","COL24A1"
"98","ENSG00000164647",0.0549550601733758,1,"ENSG00000164647","STEAP1"
"99","ENSG00000128606",0.0548403884844379,1,"ENSG00000128606","LRRC17"
"100","ENSG00000221988",0.0547554285472991,1,"ENSG00000221988","PPT2"
"101","ENSG00000122971",-0.0544315581074536,1,"ENSG00000122971","ACADS"
"102","ENSG00000206503",-0.0535318867782493,1,"ENSG00000206503","HLA-A"
"103","ENSG00000008517",-0.0532886006172642,1,"ENSG00000008517","IL32"
"104","ENSG00000089123",0.0532513577651238,1,"ENSG00000089123","TASP1"
"105","ENSG00000198836",0.0529131049625475,1,"ENSG00000198836","OPA1"
"106","ENSG00000102595",0.0528801015458095,1,"ENSG00000102595","UGGT2"
"107","ENSG00000180875",0.0528686447999458,1,"ENSG00000180875","GREM2"
"108","ENSG00000187955",0.0521541864805824,1,"ENSG00000187955","COL14A1"
"109","ENSG00000111537",-0.0519416045459551,1,"ENSG00000111537","IFNG"
"110","ENSG00000125398",0.0516701678520106,1,"ENSG00000125398","SOX9"
"111","ENSG00000212719",0.051577920571684,1,"ENSG00000212719","LINC02693"
"112","ENSG00000145623",0.051516480742871,1,"ENSG00000145623","OSMR"
"113","ENSG00000123496",0.0513792925923846,1,"ENSG00000123496","IL13RA2"
"114","ENSG00000106049",0.0513325856598111,1,"ENSG00000106049","HIBADH"
"115","ENSG00000242247",0.0513323036533822,1,"ENSG00000242247","ARFGAP3"
"116","ENSG00000171004",0.0511794370267396,1,"ENSG00000171004","HS6ST2"
"117","ENSG00000104886",-0.0507470307455828,1,"ENSG00000104886","PLEKHJ1"
"118","ENSG00000153246",0.0505609822100922,1,"ENSG00000153246","PLA2R1"
"119","ENSG00000168398",0.0505531931144323,1,"ENSG00000168398","BDKRB2"
"120","ENSG00000142185",-0.0504394188923759,1,"ENSG00000142185","TRPM2"
"121","ENSG00000163430",0.0504283627434221,1,"ENSG00000163430","FSTL1"
"122","ENSG00000196569",0.0503427741501325,1,"ENSG00000196569","LAMA2"
"123","ENSG00000182463",0.0500630505184133,1,"ENSG00000182463","TSHZ2"
"124","ENSG00000060491",-0.0499971412659969,1,"ENSG00000060491","OGFR"
"125","ENSG00000135631",0.0497441114489728,1,"ENSG00000135631","RAB11FIP5"
"126","ENSG00000019582",-0.0496456758002843,1,"ENSG00000019582","CD74"
"127","ENSG00000100079",-0.049087316976149,1,"ENSG00000100079","LGALS2"
"128","ENSG00000142627",0.0490817680161747,1,"ENSG00000142627","EPHA2"
"129","ENSG00000175899",0.0485227366608238,1,"ENSG00000175899","A2M"
"130","ENSG00000197548",-0.0484883153756091,1,"ENSG00000197548","ATG7"
"131","ENSG00000165392",0.0484611628514382,1,"ENSG00000165392","WRN"
"132","ENSG00000196935",0.0483310524892881,1,"ENSG00000196935","SRGAP1"
"133","ENSG00000177556",-0.0481695379869981,1,"ENSG00000177556","ATOX1"
"134","ENSG00000120328",0.0480951517857234,1,"ENSG00000120328","PCDHB12"
"135","ENSG00000066855",0.0480502102510409,1,"ENSG00000066855","MTFR1"
"136","ENSG00000186635",-0.0469019413715194,1,"ENSG00000186635","ARAP1"
"137","ENSG00000049323",0.0468081745597591,1,"ENSG00000049323","LTBP1"
"138","ENSG00000158715",0.0467226492070821,1,"ENSG00000158715","SLC45A3"
"139","ENSG00000138629",-0.0459983867287224,1,"ENSG00000138629","UBL7"
"140","ENSG00000151208",0.0456874844459121,1,"ENSG00000151208","DLG5"
"141","ENSG00000175928",0.0456047703213039,1,"ENSG00000175928","LRRN1"
"142","ENSG00000170296",-0.0455719308974973,1,"ENSG00000170296","GABARAP"
"143","ENSG00000115286",-0.0451954652595296,1,"ENSG00000115286","NDUFS7"
"144","ENSG00000139971",0.0451516603997574,1,"ENSG00000139971","ARMH4"
"145","ENSG00000175426",0.0450458804891283,1,"ENSG00000175426","PCSK1"
"146","ENSG00000089472",0.0449285592068424,1,"ENSG00000089472","HEPH"
"147","ENSG00000116824",-0.044597106861639,1,"ENSG00000116824","CD2"
"148","ENSG00000160799",-0.0444981967115034,1,"ENSG00000160799","CCDC12"
"149","ENSG00000164070",0.0439600639425625,1,"ENSG00000164070","HSPA4L"
"150","ENSG00000151917",0.0438665843631854,1,"ENSG00000151917","BEND6"
"151","ENSG00000081853",0.0436469262640663,1,"ENSG00000081853","PCDHGA2"
"152","ENSG00000160446",-0.0436189326417102,1,"ENSG00000160446","ZDHHC12"
"153","ENSG00000172817",0.0432789493204677,1,"ENSG00000172817","CYP7B1"
"154","ENSG00000165338",0.0429442410804871,1,"ENSG00000165338","HECTD2"
"155","ENSG00000137501",0.042388207941077,1,"ENSG00000137501","SYTL2"
"156","ENSG00000171385",0.0422341377892432,1,"ENSG00000171385","KCND3"
"157","ENSG00000106080",0.0420807039032026,1,"ENSG00000106080","FKBP14"
"158","ENSG00000173535",0.0417131512782926,1,"ENSG00000173535","TNFRSF10C"
"159","ENSG00000254505",-0.0413331339331307,1,"ENSG00000254505","CHMP4A"
"160","ENSG00000019549",0.0410942279731401,1,"ENSG00000019549","SNAI2"
"161","ENSG00000114480",0.0410683932609102,1,"ENSG00000114480","GBE1"
"162","ENSG00000118596",0.0410660942229136,1,"ENSG00000118596","SLC16A7"
"163","ENSG00000101230",0.0404921262423504,1,"ENSG00000101230","ISM1"
"164","ENSG00000101017",-0.0401023518741015,1,"ENSG00000101017","CD40"
"165","ENSG00000142669",-0.0400863994621688,1,"ENSG00000142669","SH3BGRL3"
"166","ENSG00000139946",0.0398248325639127,1,"ENSG00000139946","PELI2"
"167","ENSG00000140479",0.0398163136375031,1,"ENSG00000140479","PCSK6"
"168","ENSG00000168542",0.0397114624755029,1,"ENSG00000168542","COL3A1"
"169","ENSG00000113391",0.0393985856307478,1,"ENSG00000113391","FAM172A"
"170","ENSG00000173068",0.0393741695310633,1,"ENSG00000173068","BNC2"
"171","ENSG00000179833",0.0389979714257124,1,"ENSG00000179833","SERTAD2"
"172","ENSG00000185475",-0.038846962430958,1,"ENSG00000185475","TMEM179B"
"173","ENSG00000163749",0.0386751475742539,1,"ENSG00000163749","CCDC158"
"174","ENSG00000008382",-0.0385326100544338,1,"ENSG00000008382","MPND"
"175","ENSG00000170262",0.0381842588629174,1,"ENSG00000170262","MRAP"
"176","ENSG00000145868",0.0374874134869333,1,"ENSG00000145868","FBXO38"
"177","ENSG00000145244",0.0373157276363314,1,"ENSG00000145244","CORIN"
"178","ENSG00000080561",0.0372973791191028,1,"ENSG00000080561","MID2"
"179","ENSG00000170128",-0.0372636554260169,1,"ENSG00000170128","GPR25"
"180","ENSG00000159216",0.0368690647123909,1,"ENSG00000159216","RUNX1"
"181","ENSG00000198691",0.0367305377100197,1,"ENSG00000198691","ABCA4"
"182","ENSG00000182871",0.0364590388643504,1,"ENSG00000182871","COL18A1"
"183","ENSG00000251380",-0.0358803043455555,1,"ENSG00000251380","DCANP1"
"184","ENSG00000196139",0.0357554493802624,1,"ENSG00000196139","AKR1C3"
"185","ENSG00000105664",0.0355841513201976,1,"ENSG00000105664","COMP"
"186","ENSG00000197536",-0.0354321295746699,1,"ENSG00000197536","IRF1-AS1"
"187","ENSG00000059378",-0.035293748530877,1,"ENSG00000059378","PARP12"
"188","ENSG00000120327",0.0352626795708264,1,"ENSG00000120327","PCDHB14"
"189","ENSG00000153207",0.0351072976163383,1,"ENSG00000153207","AHCTF1"
"190","ENSG00000170906",-0.0348430643026567,1,"ENSG00000170906","NDUFA3"
"191","ENSG00000120889",0.0347911359114322,1,"ENSG00000120889","TNFRSF10B"
"192","ENSG00000132386",0.034744386831317,1,"ENSG00000132386","SERPINF1"
"193","ENSG00000118640",-0.0347312549429722,1,"ENSG00000118640","VAMP8"
"194","ENSG00000034510",-0.0346301450813932,1,"ENSG00000034510","TMSB10"
"195","ENSG00000108798",-0.0342781481034142,1,"ENSG00000108798","ABI3"
"196","ENSG00000126217",0.0340624956763479,1,"ENSG00000126217","MCF2L"
"197","ENSG00000165533",0.0337742934274307,1,"ENSG00000165533","TTC8"
"198","ENSG00000140105",-0.0336847156516728,1,"ENSG00000140105","WARS1"
"199","ENSG00000111716",0.0335470776809802,1,"ENSG00000111716","LDHB"
"200","ENSG00000174437",0.0334813330781746,1,"ENSG00000174437","ATP2A2"
"201","ENSG00000103888",0.0334758986294489,1,"ENSG00000103888","CEMIP"
"202","ENSG00000185187",-0.0328177440737242,1,"ENSG00000185187","SIGIRR"
"203","ENSG00000176108",-0.0327591502521932,1,"ENSG00000176108","CHMP6"
"204","ENSG00000145908",0.0323234766304669,1,"ENSG00000145908","ZNF300"
"205","ENSG00000114270",0.0321795726955287,1,"ENSG00000114270","COL7A1"
"206","ENSG00000139220",0.0321023244207569,1,"ENSG00000139220","PPFIA2"
"207","ENSG00000133030",0.0312685445155873,1,"ENSG00000133030","MPRIP"
"208","ENSG00000183454",0.030884566430532,1,"ENSG00000183454","GRIN2A"
"209","ENSG00000162614",0.0302683824062818,1,"ENSG00000162614","NEXN"
"210","ENSG00000120709",0.0301743847715753,1,"ENSG00000120709","FAM53C"
"211","ENSG00000163735",0.0299368034490892,1,"ENSG00000163735","CXCL5"
"212","ENSG00000128284",-0.0298663640311479,1,"ENSG00000128284","APOL3"
"213","ENSG00000164106",0.0297984076771601,1,"ENSG00000164106","SCRG1"
"214","ENSG00000065534",0.0295125511483625,1,"ENSG00000065534","MYLK"
"215","ENSG00000183098",0.0292887238296221,1,"ENSG00000183098","GPC6"
"216","ENSG00000145740",0.0291500775365519,1,"ENSG00000145740","SLC30A5"
"217","ENSG00000180828",0.0291446001029946,1,"ENSG00000180828","BHLHE22"
"218","ENSG00000176046",-0.0288935928647005,1,"ENSG00000176046","NUPR1"
"219","ENSG00000144476",0.0284163385716454,1,"ENSG00000144476","ACKR3"
"220","ENSG00000150687",0.0284153776839097,1,"ENSG00000150687","PRSS23"
"221","ENSG00000176597",0.0283722093781244,1,"ENSG00000176597","B3GNT5"
"222","ENSG00000155093",0.0283590380529979,1,"ENSG00000155093","PTPRN2"
"223","ENSG00000137094",0.0280181952352603,1,"ENSG00000137094","DNAJB5"
"224","ENSG00000128595",0.0276283927556854,1,"ENSG00000128595","CALU"
"225","ENSG00000185339",-0.0275130455883576,1,"ENSG00000185339","TCN2"
"226","ENSG00000099849",-0.0273399292697436,1,"ENSG00000099849","RASSF7"
"227","ENSG00000091844",0.0272218880306723,1,"ENSG00000091844","RGS17"
"228","ENSG00000122367",0.0271210743752422,1,"ENSG00000122367","LDB3"
"229","ENSG00000115756",-0.0270324697805857,1,"ENSG00000115756","HPCAL1"
"230","ENSG00000058262",0.0267549632103702,1,"ENSG00000058262","SEC61A1"
"231","ENSG00000134668",0.0266804255020542,1,"ENSG00000134668","SPOCD1"
"232","ENSG00000070087",0.0265944000417467,1,"ENSG00000070087","PFN2"
"233","ENSG00000185627",-0.0264815337323329,1,"ENSG00000185627","PSMD13"
"234","ENSG00000141985",0.0264521811524147,1,"ENSG00000141985","SH3GL1"
"235","ENSG00000157800",0.0261694147124168,1,"ENSG00000157800","SLC37A3"
"236","ENSG00000135245",0.0261219001828605,1,"ENSG00000135245","HILPDA"
"237","ENSG00000135002",0.0256325930191773,1,"ENSG00000135002","RFK"
"238","ENSG00000134363",0.0254989531904775,1,"ENSG00000134363","FST"
"239","ENSG00000196159",0.0253964232509885,1,"ENSG00000196159","FAT4"
"240","ENSG00000171161",-0.0251830147233414,1,"ENSG00000171161","ZNF672"
"241","ENSG00000007255",-0.0249086423319643,1,"ENSG00000007255","TRAPPC6A"
"242","ENSG00000157404",0.024883142465149,1,"ENSG00000157404","KIT"
"243","ENSG00000159147",0.0247185926942081,1,"ENSG00000159147","DONSON"
"244","ENSG00000138615",0.0246329848030102,1,"ENSG00000138615","CILP"
"245","ENSG00000107872",-0.0245073491761189,1,"ENSG00000107872","FBXL15"
"246","ENSG00000132840",0.0244430143143466,1,"ENSG00000132840","BHMT2"
"247","ENSG00000099256",0.0243016506438468,1,"ENSG00000099256","PRTFDC1"
"248","ENSG00000196428",0.0241909620729766,1,"ENSG00000196428","TSC22D2"
"249","ENSG00000166444",0.0239187384503794,1,"ENSG00000166444","DENND2B"
"250","ENSG00000184254",0.0238869120360454,1,"ENSG00000184254","ALDH1A3"
"251","ENSG00000147168",-0.0237950986718823,1,"ENSG00000147168","IL2RG"
"252","ENSG00000090238",-0.0237043379987343,1,"ENSG00000090238","YPEL3"
"253","ENSG00000105771",-0.0235490752056181,1,"ENSG00000105771","SMG9"
"254","ENSG00000242419",0.0235210387843204,1,"ENSG00000242419","PCDHGC4"
"255","ENSG00000150907",0.0235072353434295,1,"ENSG00000150907","FOXO1"
"256","ENSG00000143851",-0.0234708021291076,1,"ENSG00000143851","PTPN7"
"257","ENSG00000143847",0.0234099472282688,1,"ENSG00000143847","PPFIA4"
"258","ENSG00000112655",0.0233574118894903,1,"ENSG00000112655","PTK7"
"259","ENSG00000124570",-0.0233439232552485,1,"ENSG00000124570","SERPINB6"
"260","ENSG00000090539",0.0232711730949087,1,"ENSG00000090539","CHRD"
"261","ENSG00000153993",0.0232045512187578,1,"ENSG00000153993","SEMA3D"
"262","ENSG00000151914",0.0231205975931941,1,"ENSG00000151914","DST"
"263","ENSG00000143951",0.0228346775706711,1,"ENSG00000143951","WDPCP"
"264","ENSG00000099977",-0.0227118315474794,1,"ENSG00000099977","DDT"
"265","ENSG00000149932",-0.0226180854303067,1,"ENSG00000149932","TMEM219"
"266","ENSG00000115963",0.0225629439257223,1,"ENSG00000115963","RND3"
"267","ENSG00000116209",0.0225225411192968,1,"ENSG00000116209","TMEM59"
"268","ENSG00000110881",0.022464228946416,1,"ENSG00000110881","ASIC1"
"269","ENSG00000095637",0.0221785363994031,1,"ENSG00000095637","SORBS1"
"270","ENSG00000100644",0.0221338475063492,1,"ENSG00000100644","HIF1A"
"271","ENSG00000121297",0.0218886276428179,1,"ENSG00000121297","TSHZ3"
"272","ENSG00000118985",0.0213468252034821,1,"ENSG00000118985","ELL2"
"273","ENSG00000164176",0.0212176820693949,1,"ENSG00000164176","EDIL3"
"274","ENSG00000185565",0.0211518135011249,1,"ENSG00000185565","LSAMP"
"275","ENSG00000149380",0.0209130059445615,1,"ENSG00000149380","P4HA3"
"276","ENSG00000118762",0.0208996552449695,1,"ENSG00000118762","PKD2"
"277","ENSG00000105617",-0.0205055120961158,1,"ENSG00000105617","LENG1"
"278","ENSG00000139625",0.0202718612105096,1,"ENSG00000139625","MAP3K12"
"279","ENSG00000133083",0.0202542837408486,1,"ENSG00000133083","DCLK1"
"280","ENSG00000174332",0.0201540977243157,1,"ENSG00000174332","GLIS1"
"281","ENSG00000124216",0.0201281346009884,1,"ENSG00000124216","SNAI1"
"282","ENSG00000126561",-0.0199734538402927,1,"ENSG00000126561","STAT5A"
"283","ENSG00000137494",0.0199597421512929,1,"ENSG00000137494","ANKRD42"
"284","ENSG00000160185",-0.019914851679518,1,"ENSG00000160185","UBASH3A"
"285","ENSG00000135318",0.0194253420047755,1,"ENSG00000135318","NT5E"
"286","ENSG00000186310",0.0193828257150841,1,"ENSG00000186310","NAP1L3"
"287","ENSG00000103490",-0.0192105108819414,1,"ENSG00000103490","PYCARD"
"288","ENSG00000148334",-0.0191802068104739,1,"ENSG00000148334","PTGES2"
"289","ENSG00000253731",0.0191127413872831,1,"ENSG00000253731","PCDHGA6"
"290","ENSG00000166923",0.0189316928830026,1,"ENSG00000166923","GREM1"
"291","ENSG00000119771",0.0188178230745501,1,"ENSG00000119771","KLHL29"
"292","ENSG00000141574",-0.0187160221950394,1,"ENSG00000141574","SECTM1"
"293","ENSG00000248592",0.0181656153099038,1,"ENSG00000248592","STIMATE-MUSTN1"
"294","ENSG00000067113",0.0181224354941797,1,"ENSG00000067113","PLPP1"
"295","ENSG00000077092",0.0180392842262629,1,"ENSG00000077092","RARB"
"296","ENSG00000013374",-0.0177869236591244,1,"ENSG00000013374","NUB1"
"297","ENSG00000214530",-0.0177317186406298,1,"ENSG00000214530","STARD10"
"298","ENSG00000007520",-0.0177134214872877,1,"ENSG00000007520","TSR3"
"299","ENSG00000154917",0.0176973037557285,1,"ENSG00000154917","RAB6B"
"300","ENSG00000169429",0.0176206174146958,1,"ENSG00000169429","CXCL8"
"301","ENSG00000204592",-0.0173673256672462,1,"ENSG00000204592","HLA-E"
"302","ENSG00000112175",0.0169655450946922,1,"ENSG00000112175","BMP5"
"303","ENSG00000187189",0.0166632278298661,1,"ENSG00000187189","TSPYL4"
"304","ENSG00000096996",-0.0166622621492874,1,"ENSG00000096996","IL12RB1"
"305","ENSG00000262209",0.0165554896532823,1,"ENSG00000262209","PCDHGB3"
"306","ENSG00000118407",0.0161695970824461,1,"ENSG00000118407","FILIP1"
"307","ENSG00000166002",-0.0160681685345779,1,"ENSG00000166002","SMCO4"
"308","ENSG00000115641",0.0158886186038201,1,"ENSG00000115641","FHL2"
"309","ENSG00000186073",0.0156873112415192,1,"ENSG00000186073","CDIN1"
"310","ENSG00000010017",0.0155868345323496,1,"ENSG00000010017","RANBP9"
"311","ENSG00000112290",0.015534693172524,1,"ENSG00000112290","WASF1"
"312","ENSG00000165959",0.0154997320453359,1,"ENSG00000165959","CLMN"
"313","ENSG00000182866",-0.015491000280777,1,"ENSG00000182866","LCK"
"314","ENSG00000197448",-0.0154558027092016,1,"ENSG00000197448","GSTK1"
"315","ENSG00000134769",0.0152271737683657,1,"ENSG00000134769","DTNA"
"316","ENSG00000172572",0.0150783050281315,1,"ENSG00000172572","PDE3A"
"317","ENSG00000100911",-0.0149433765520074,1,"ENSG00000100911","PSME2"
"318","ENSG00000113248",0.0149244697936996,1,"ENSG00000113248","PCDHB15"
"319","ENSG00000126264",-0.0148603909934591,1,"ENSG00000126264","HCST"
"320","ENSG00000186020",0.0147740589343467,1,"ENSG00000186020","ZNF529"
"321","ENSG00000138686",0.0147522726333993,1,"ENSG00000138686","BBS7"
"322","ENSG00000188153",0.0146600306420351,1,"ENSG00000188153","COL4A5"
"323","ENSG00000179604",0.0146595692886029,1,"ENSG00000179604","CDC42EP4"
"324","ENSG00000143184",-0.0144961307453548,1,"ENSG00000143184","XCL1"
"325","ENSG00000259207",0.0144791334152287,1,"ENSG00000259207","ITGB3"
"326","ENSG00000013375",0.0143496282063085,1,"ENSG00000013375","PGM3"
"327","ENSG00000241553",-0.0140696589130599,1,"ENSG00000241553","ARPC4"
"328","ENSG00000262576",0.0140540900653195,1,"ENSG00000262576","PCDHGA4"
"329","ENSG00000151748",0.0140483515538445,1,"ENSG00000151748","SAV1"
"330","ENSG00000183963",0.0140350257791615,1,"ENSG00000183963","SMTN"
"331","ENSG00000198478",0.0137178965260781,1,"ENSG00000198478","SH3BGRL2"
"332","ENSG00000163110",0.0135097511785381,1,"ENSG00000163110","PDLIM5"
"333","ENSG00000188488",0.0133215164527224,1,"ENSG00000188488","SERPINA5"
"334","ENSG00000129682",0.0132904267521796,1,"ENSG00000129682","FGF13"
"335","ENSG00000145632",0.0132060804176356,1,"ENSG00000145632","PLK2"
"336","ENSG00000184220",0.0132035822882749,1,"ENSG00000184220","CMSS1"
"337","ENSG00000132000",0.0130106692930938,1,"ENSG00000132000","PODNL1"
"338","ENSG00000166173",0.0129469608106138,1,"ENSG00000166173","LARP6"
"339","ENSG00000117215",-0.0129272519554769,1,"ENSG00000117215","PLA2G2D"
"340","ENSG00000153162",0.0128502057788016,1,"ENSG00000153162","BMP6"
"341","ENSG00000177706",0.0127251528047862,1,"ENSG00000177706","FAM20C"
"342","ENSG00000101384",0.0127076687689459,1,"ENSG00000101384","JAG1"
"343","ENSG00000197565",0.0126503619662612,1,"ENSG00000197565","COL4A6"
"344","ENSG00000111664",0.0125783654908399,1,"ENSG00000111664","GNB3"
"345","ENSG00000172493",0.0123633902321713,1,"ENSG00000172493","AFF1"
"346","ENSG00000125970",-0.012244264909985,1,"ENSG00000125970","RALY"
"347","ENSG00000168079",0.0120105624921749,1,"ENSG00000168079","SCARA5"
"348","ENSG00000108528",-0.0118342192991909,1,"ENSG00000108528","SLC25A11"
"349","ENSG00000081181",0.0117100476154915,1,"ENSG00000081181","ARG2"
"350","ENSG00000152583",0.011240137480981,1,"ENSG00000152583","SPARCL1"
"351","ENSG00000167508",-0.0111987438566903,1,"ENSG00000167508","MVD"
"352","ENSG00000109854",-0.0111956784793895,1,"ENSG00000109854","HTATIP2"
"353","ENSG00000100225",-0.0111618909418733,1,"ENSG00000100225","FBXO7"
"354","ENSG00000187546",0.0111087272489282,1,"ENSG00000187546","AGMO"
"355","ENSG00000169507",0.0109583774580017,1,"ENSG00000169507","SLC38A11"
"356","ENSG00000177432",0.0107857750707938,1,"ENSG00000177432","NAP1L5"
"357","ENSG00000136011",0.0107845574969449,1,"ENSG00000136011","STAB2"
"358","ENSG00000171928",0.0107446088465737,1,"ENSG00000171928","TVP23B"
"359","ENSG00000081818",0.0105882131651898,1,"ENSG00000081818","PCDHB4"
"360","ENSG00000145901",-0.0105153832342188,1,"ENSG00000145901","TNIP1"
"361","ENSG00000198018",0.010486958483348,1,"ENSG00000198018","ENTPD7"
"362","ENSG00000035664",-0.0103452221015002,1,"ENSG00000035664","DAPK2"
"363","ENSG00000196083",0.0102972385359432,1,"ENSG00000196083","IL1RAP"
"364","ENSG00000133107",0.0102367661002972,1,"ENSG00000133107","TRPC4"
"365","ENSG00000133687",0.0101137926260633,1,"ENSG00000133687","TMTC1"
"366","ENSG00000176101",-0.0100864732938279,1,"ENSG00000176101","SSNA1"
"367","ENSG00000115556",0.0100481743379347,1,"ENSG00000115556","PLCD4"
"368","ENSG00000164011",-0.00977700479325444,1,"ENSG00000164011","ZNF691"
"369","ENSG00000079931",0.00968010311651188,1,"ENSG00000079931","MOXD1"
"370","ENSG00000129473",0.00967719929962372,1,"ENSG00000129473","BCL2L2"
"371","ENSG00000139173",0.00958535065700746,1,"ENSG00000139173","TMEM117"
"372","ENSG00000163751",0.0095472724924316,1,"ENSG00000163751","CPA3"
"373","ENSG00000176340",-0.00949908507777394,1,"ENSG00000176340","COX8A"
"374","ENSG00000119632",-0.00944689018900425,1,"ENSG00000119632","IFI27L2"
"375","ENSG00000125447",-0.00939456619708042,1,"ENSG00000125447","GGA3"
"376","ENSG00000101447",0.00928979429465079,1,"ENSG00000101447","FAM83D"
"377","ENSG00000160691",0.00923932244737292,1,"ENSG00000160691","SHC1"
"378","ENSG00000196562",0.0088983079062887,1,"ENSG00000196562","SULF2"
"379","ENSG00000131873",0.0088617116984457,1,"ENSG00000131873","CHSY1"
"380","ENSG00000197140",0.00853782724044187,1,"ENSG00000197140","ADAM32"
"381","ENSG00000139324",0.008465775070385,1,"ENSG00000139324","TMTC3"
"382","ENSG00000167083",-0.00840125447943869,1,"ENSG00000167083","GNGT2"
"383","ENSG00000162458",0.00821494609215261,1,"ENSG00000162458","FBLIM1"
"384","ENSG00000108602",0.00820468163610426,1,"ENSG00000108602","ALDH3A1"
"385","ENSG00000089692",-0.0081585655893557,1,"ENSG00000089692","LAG3"
"386","ENSG00000065618",0.00807339995966415,1,"ENSG00000065618","COL17A1"
"387","ENSG00000198015",0.00807273207309584,1,"ENSG00000198015","MRPL42"
"388","ENSG00000144369",0.00793581566179794,1,"ENSG00000144369","FAM171B"
"389","ENSG00000180532",0.00781728353030845,1,"ENSG00000180532","ZSCAN4"
"390","ENSG00000102174",0.00772260593811975,1,"ENSG00000102174","PHEX"
"391","ENSG00000128655",0.0076914339239176,1,"ENSG00000128655","PDE11A"
"392","ENSG00000128731",0.00766473713406005,1,"ENSG00000128731","HERC2"
"393","ENSG00000106278",0.00761969400870672,1,"ENSG00000106278","PTPRZ1"
"394","ENSG00000100281",0.00760734577261594,1,"ENSG00000100281","HMGXB4"
"395","ENSG00000106714",0.0074698419892728,1,"ENSG00000106714","CNTNAP3"
"396","ENSG00000211448",0.00744710102905213,1,"ENSG00000211448","DIO2"
"397","ENSG00000100934",0.00740243613271282,1,"ENSG00000100934","SEC23A"
"398","ENSG00000130024",0.00737741964835306,1,"ENSG00000130024","PHF10"
"399","ENSG00000003436",0.00728893396096759,1,"ENSG00000003436","TFPI"
"400","ENSG00000253729",0.00723515330274348,1,"ENSG00000253729","PRKDC"
"401","ENSG00000242028",0.00721920823076775,1,"ENSG00000242028","HYPK"
"402","ENSG00000140948",0.00713148128340337,1,"ENSG00000140948","ZCCHC14"
"403","ENSG00000169826",0.00712343364984049,1,"ENSG00000169826","CSGALNACT2"
"404","ENSG00000140009",0.00711084328932999,1,"ENSG00000140009","ESR2"
"405","ENSG00000204252",-0.00698702522001254,1,"ENSG00000204252","HLA-DOA"
"406","ENSG00000168394",-0.00691488823135324,1,"ENSG00000168394","TAP1"
"407","ENSG00000189056",0.00686123120568517,1,"ENSG00000189056","RELN"
"408","ENSG00000064655",0.00684851492440256,1,"ENSG00000064655","EYA2"
"409","ENSG00000185499",-0.00658883062366978,1,"ENSG00000185499","MUC1"
"410","ENSG00000146072",0.00653430514630277,1,"ENSG00000146072","TNFRSF21"
"411","ENSG00000263961",0.00651131203311968,1,"ENSG00000263961","RHEX"
"412","ENSG00000162191",-0.00620725515973689,1,"ENSG00000162191","UBXN1"
"413","ENSG00000253485",0.0060985464565942,1,"ENSG00000253485","PCDHGA5"
"414","ENSG00000240764",0.00606993309202492,1,"ENSG00000240764","PCDHGC5"
"415","ENSG00000138061",0.00606515013202592,1,"ENSG00000138061","CYP1B1"
"416","ENSG00000131788",0.00599468940369505,1,"ENSG00000131788","PIAS3"
"417","ENSG00000164294",0.0059803355633787,1,"ENSG00000164294","GPX8"
"418","ENSG00000113742",0.00570785828494438,1,"ENSG00000113742","CPEB4"
"419","ENSG00000240771",0.00559876072072079,1,"ENSG00000240771","ARHGEF25"
"420","ENSG00000117479",0.00559532184503736,1,"ENSG00000117479","SLC19A2"
"421","ENSG00000134532",0.00553136488152845,1,"ENSG00000134532","SOX5"
"422","ENSG00000135502",0.00550940915356247,1,"ENSG00000135502","SLC26A10P"
"423","ENSG00000150347",0.00546924718987342,1,"ENSG00000150347","ARID5B"
"424","ENSG00000009413",0.00543756794908454,1,"ENSG00000009413","REV3L"
"425","ENSG00000162885",0.00540384739166546,1,"ENSG00000162885","B3GALNT2"
"426","ENSG00000136514",-0.00535462342273691,1,"ENSG00000136514","RTP4"
"427","ENSG00000112210",0.005327787395075,1,"ENSG00000112210","RAB23"
"428","ENSG00000160993",-0.00521841016463947,1,"ENSG00000160993","ALKBH4"
"429","ENSG00000102010",0.0050952414101523,1,"ENSG00000102010","BMX"
"430","ENSG00000118004",0.00497031631287154,1,"ENSG00000118004","COLEC11"
"431","ENSG00000162733",0.0046731234166846,1,"ENSG00000162733","DDR2"
"432","ENSG00000111816",0.00460745210090223,1,"ENSG00000111816","FRK"
"433","ENSG00000070526",0.00454381904975932,1,"ENSG00000070526","ST6GALNAC1"
"434","ENSG00000102038",0.00442148314809718,1,"ENSG00000102038","SMARCA1"
"435","ENSG00000223865",-0.00440044107425581,1,"ENSG00000223865","HLA-DPB1"
"436","ENSG00000164920",0.00438733258118695,1,"ENSG00000164920","OSR2"
"437","ENSG00000162851",0.00438489997146539,1,"ENSG00000162851","TFB2M"
"438","ENSG00000162407",0.00434103535374017,1,"ENSG00000162407","PLPP3"
"439","ENSG00000162300",-0.0043118253387766,1,"ENSG00000162300","ZFPL1"
"440","ENSG00000155893",0.00415848063644074,1,"ENSG00000155893","PXYLP1"
"441","ENSG00000114455",0.00413242205992521,1,"ENSG00000114455","HHLA2"
"442","ENSG00000185052",0.00411068250783095,1,"ENSG00000185052","SLC24A3"
"443","ENSG00000026652",0.00410747157786491,1,"ENSG00000026652","AGPAT4"
"444","ENSG00000205336",0.00404271352835978,1,"ENSG00000205336","ADGRG1"
"445","ENSG00000066651",0.00388705203052042,1,"ENSG00000066651","TRMT11"
"446","ENSG00000119559",-0.00377225830632403,1,"ENSG00000119559","C19orf25"
"447","ENSG00000261609",0.00373590002433801,1,"ENSG00000261609","GAN"
"448","ENSG00000108061",0.00363134695222587,1,"ENSG00000108061","SHOC2"
"449","ENSG00000205726",0.00361533804367521,1,"ENSG00000205726","ITSN1"
"450","ENSG00000140538",0.00353826664291935,1,"ENSG00000140538","NTRK3"
"451","ENSG00000095906",-0.00350328538116793,1,"ENSG00000095906","NUBP2"
"452","ENSG00000103723",0.00349404367195459,1,"ENSG00000103723","AP3B2"
"453","ENSG00000107854",0.00346010669841277,1,"ENSG00000107854","TNKS2"
"454","ENSG00000075426",0.00314957236096698,1,"ENSG00000075426","FOSL2"
"455","ENSG00000254122",0.00308243618047514,1,"ENSG00000254122","PCDHGB7"
"456","ENSG00000204632",-0.00302906675218034,1,"ENSG00000204632","HLA-G"
"457","ENSG00000178184",0.00300384577739793,1,"ENSG00000178184","PARD6G"
"458","ENSG00000068976",0.00291308166769261,1,"ENSG00000068976","PYGM"
"459","ENSG00000073060",-0.00235663118729367,1,"ENSG00000073060","SCARB1"
"460","ENSG00000100739",0.00232165819177756,1,"ENSG00000100739","BDKRB1"
"461","ENSG00000135919",0.00231016418282535,1,"ENSG00000135919","SERPINE2"
"462","ENSG00000092068",0.00222242064292372,1,"ENSG00000092068","SLC7A8"
"463","ENSG00000109654",0.00215090773865223,1,"ENSG00000109654","TRIM2"
"464","ENSG00000198626",0.00212638874225119,1,"ENSG00000198626","RYR2"
"465","ENSG00000110514",-0.00210063657254307,1,"ENSG00000110514","MADD"
"466","ENSG00000100916",0.00198365739638008,1,"ENSG00000100916","BRMS1L"
"467","ENSG00000115415",-0.00189292063002487,1,"ENSG00000115415","STAT1"
"468","ENSG00000224051",-0.00183174993862253,1,"ENSG00000224051","CPTP"
"469","ENSG00000128591",0.00165110932905739,1,"ENSG00000128591","FLNC"
"470","ENSG00000099769",-0.00161670498829741,1,"ENSG00000099769","IGFALS"
"471","ENSG00000166734",0.00160982417364895,1,"ENSG00000166734","GOLM2"
"472","ENSG00000145687",0.00147967927719855,1,"ENSG00000145687","SSBP2"
"473","ENSG00000107362",0.00142462484689235,1,"ENSG00000107362","ABHD17B"
"474","ENSG00000100522",0.00140179719898006,1,"ENSG00000100522","GNPNAT1"
"475","ENSG00000170365",0.00135514839797051,1,"ENSG00000170365","SMAD1"
"476","ENSG00000196591",0.00126890320288018,1,"ENSG00000196591","HDAC2"
"477","ENSG00000141380",0.00118936599410882,1,"ENSG00000141380","SS18"
"478","ENSG00000197479",0.00110793044589344,1,"ENSG00000197479","PCDHB11"
"479","ENSG00000144579",-0.00103725414386399,1,"ENSG00000144579","CTDSP1"
"480","ENSG00000151789",0.000925135399882517,1,"ENSG00000151789","ZNF385D"
"481","ENSG00000178826",-0.000590010277815811,1,"ENSG00000178826","TMEM139"
"482","ENSG00000086200",0.000358519317448856,1,"ENSG00000086200","IPO11"
"483","ENSG00000097021",-0.000305564353018494,1,"ENSG00000097021","ACOT7"
"484","ENSG00000128973",-0.000101525933801992,1,"ENSG00000128973","CLN6"
"485","ENSG00000119714",-9.74503736058248e-06,1,"ENSG00000119714","GPR68"
